<UserControl x:Class="AvailTourAgency.Views.EditSaleView"
             xmlns="http://schemas.microsoft.com/winfx/2006/xaml/presentation"
             xmlns:x="http://schemas.microsoft.com/winfx/2006/xaml"
             xmlns:mc="http://schemas.openxmlformats.org/markup-compatibility/2006" 
             xmlns:d="http://schemas.microsoft.com/expression/blend/2008"
             xmlns:materialDesign="http://materialdesigninxaml.net/winfx/xaml/themes"
             xmlns:gif="http://wpfanimatedgif.codeplex.com"
             xmlns:xctk="http://schemas.xceed.com/wpf/xaml/toolkit"
             xmlns:local="clr-namespace:AvailTourAgency.Views"
             mc:Ignorable="d" 
             d:DesignHeight="540" d:DesignWidth="1024">
    <Grid>
        <TabControl Foreground="White">
            <TabItem Header="Клиент" Padding="0" Width="150" Height="40" Style="{StaticResource MaterialDesignNavigationRailTabItem}">
                <Grid>
                    <Border BorderBrush="#FF3580BF" CornerRadius="10" BorderThickness="2" Margin="20,5,20,70">
                        <Grid>
                            <Grid x:Name="GridPanel" Margin="10,10,10,60" Visibility="Visible">
                                <DataGrid x:Name="ClientsGrid" ItemsSource="{Binding ClientsItems}"
                                                  CanUserAddRows="False" CanUserDeleteRows="False" CanUserReorderColumns="False" CanUserResizeRows="True" CanUserResizeColumns="False"
                                                  ClipboardCopyMode="IncludeHeader" IsReadOnly="True"
                                                  AutoGenerateColumns="False" GridLinesVisibility="All" HeadersVisibility="Column"
                                                  IsHitTestVisible="True" Background="White" Foreground="#FF0554F2" BorderBrush="#4C0046FF"
                                                  MouseDoubleClick="ClientsGrid_MouseLeftButtonUp" SelectionMode="Extended">
                                    <DataGrid.Columns>
                                        <DataGridTextColumn Binding="{Binding ID}" Header="Номер" Width="Auto"/>
                                        <DataGridTextColumn Binding="{Binding FIO}" Header="ФИО" Width="Auto"></DataGridTextColumn>
                                        <DataGridTextColumn Binding="{Binding Passport}" Header="Паспорт" Width="Auto"></DataGridTextColumn>
                                        <DataGridTextColumn Binding="{Binding PhoneNumber}" Header="Номер телефона" Width="Auto"></DataGridTextColumn>
                                    </DataGrid.Columns>
                                </DataGrid>
                            </Grid>

                            <Grid Margin="0" Height="60" Width="850" VerticalAlignment="Bottom">
                                <StackPanel Orientation='Horizontal'
                                    Margin='0,0,0,10'
                                    HorizontalAlignment='Center' Height="50" VerticalAlignment="Bottom" Width="290">
                                    <Button x:Name='First' Style="{StaticResource MaterialDesignOutlinedButton}"
                                    Padding='4'
                                    Content='&lt;&lt; К началу'
                                    Margin='6'
                                    Background="#3390CAF9" Foreground="#FF3580BF" ClickMode="Release" Click="First_Click"></Button>

                                    <Button x:Name='Previous' Style="{StaticResource MaterialDesignOutlinedButton}"
                                    Padding='4'
                                    Content='&lt;'
                                    Margin='6,9'
                                    Background="#3390CAF9" Foreground="#FF3580BF" Width="35" ClickMode="Release" Click="Previous_Click"></Button>

                                    <Button x:Name='Next' Style="{StaticResource MaterialDesignOutlinedButton}"
                                    Padding='4'
                                    Content='&gt;'
                                    Margin='6,9'
                                    Foreground="#FF3580BF" Background="#3390CAF9" Width="35" ClickMode="Release" Click="Next_Click"></Button>
                                    <Button x:Name='Last' Style="{StaticResource MaterialDesignOutlinedButton}"
                                    Padding='4'
                                    Content='&gt;&gt; К концу'
                                    Margin='6'
                                    Foreground="#FF3580BF" Background="#3390CAF9" ClickMode="Release" Click="Last_Click"></Button>
                                </StackPanel>
                                <StackPanel Orientation='Horizontal'
                                    Margin='20,0,0,10'
                                    HorizontalAlignment='Left' Height="50" VerticalAlignment="Bottom" Width="155">
                                    <Grid Margin="0 10 5 10">
                                        <TextBlock Foreground="#FF3580BF" FontSize="15" Style="{StaticResource MaterialDesignTextBlock}" Text="Страница"></TextBlock>
                                    </Grid>
                                    <ComboBox x:Name='CurrentPageNum' Style="{StaticResource MaterialDesignComboBox}"
                                          SelectedIndex='0'
                                          Foreground="#FF3580BF" BorderBrush="#FF90CAF9" Background="#3390CAF9" FontSize="14" Width="45" SelectionChanged="CurrentPageNum_SelectionChanged">
                                    </ComboBox>
                                    <Grid Margin="5 10 0 10">
                                        <TextBlock Foreground="#FF3580BF" FontSize="15" Style="{StaticResource MaterialDesignTextBlock}" Text="из"></TextBlock>
                                    </Grid>
                                    <Grid Margin="5 10 0 10">
                                        <TextBlock x:Name="GlobalPageCount" Foreground="#FF3580BF" FontSize="15" Style="{StaticResource MaterialDesignTextBlock}" Text="0"></TextBlock>
                                    </Grid>
                                </StackPanel>
                                <StackPanel Orientation='Horizontal'
                                    Margin='0,0,20,10'
                                    HorizontalAlignment='Right' Height="50" VerticalAlignment="Bottom" Width="238">
                                    <Grid Margin="10 10 0 10">
                                        <TextBlock Foreground="#FF3580BF" FontSize="15" Style="{StaticResource MaterialDesignTextBlock}" Text="Показывать по"></TextBlock>
                                    </Grid>
                                    <Grid Margin='5 10 0 10'
                                  HorizontalAlignment='Center'>
                                        <ComboBox x:Name='NumberOfRecords' Style="{StaticResource MaterialDesignComboBox}"
                                          Foreground="#FF3580BF" BorderBrush="#FF90CAF9" Background="#3390CAF9" FontSize="14" Width="45" SelectionChanged="NumberOfRecords_SelectionChanged">
                                        </ComboBox>
                                    </Grid>
                                    <Grid Margin="5 10 0 10">
                                        <TextBlock Foreground="#FF3580BF" FontSize="15" Style="{StaticResource MaterialDesignTextBlock}" Text="записей"></TextBlock>
                                    </Grid>
                                </StackPanel>
                            </Grid>
                        </Grid>
                    </Border>

                    <StackPanel HorizontalAlignment='Right' Height="50" VerticalAlignment="Top" Width="30" Margin="0,432,968,0" Orientation="Horizontal">
                        <Grid Margin="0,10">
                            <Button x:Name="ButtonCloseFilter" 
                        Style="{StaticResource MaterialDesignFloatingActionMiniAccentButton}" 
                        Width="30" Height="30" Padding="0" Background="{x:Null}" BorderBrush="{x:Null}" 
                        VerticalAlignment="Top" HorizontalAlignment="Left" Margin="0"
                        Click="ButtonCloseFilter_Click" Visibility="Collapsed">
                                <materialDesign:PackIcon Kind="Filter" Foreground="#4CB1F7" Height="25" Width="25"/>
                            </Button>
                            <Button x:Name="ButtonOpenFilter" 
                        Style="{StaticResource MaterialDesignFloatingActionMiniAccentButton}" 
                        Width="30" Height="30" Padding="0" Background="{x:Null}" BorderBrush="{x:Null}" 
                        VerticalAlignment="Top" HorizontalAlignment="Left" Margin="0" 
                        Click="ButtonOpenFilter_Click" Visibility="Visible">
                                <materialDesign:PackIcon Kind="Filter" Foreground="#4CB1F7" Height="25" Width="25"/>
                            </Button>
                        </Grid>
                    </StackPanel>

                    <Grid x:Name="FilterGrid" Margin="50,179,556,0" 
                            Panel.ZIndex="10" Height="257" VerticalAlignment="Top"
                            Visibility="Hidden">
                        <Border CornerRadius="10" BorderThickness="2" BorderBrush="#FF4A88E2" Background="#FFE0F2FF" Height="251" VerticalAlignment="Top">
                            <StackPanel x:Name="StackPanelMenu" Width="395" HorizontalAlignment="Left" Margin="10.4,0.4,0,0" Visibility="Visible" Height="243" VerticalAlignment="Top">
                                <Grid>
                                    <TextBlock Text="Номер:" FontSize="16" FontWeight="SemiBold" 
                                   Foreground="#FF3580BF" VerticalAlignment="Center" 
                                   Margin="0,17,267.2,0"></TextBlock>
                                    <ComboBox x:Name='IdFilterBox' Style="{StaticResource MaterialDesignComboBox}"
                                  SelectedIndex='0' HorizontalAlignment="Left"
                                  Foreground="#FF3580BF" BorderBrush="#FF90CAF9" 
                                  Background="#3390CAF9" FontSize="14" Width="252" 
                                  Margin="133,14,0,0">
                                    </ComboBox>
                                </Grid>

                                <Grid>
                                    <TextBlock Text="ФИО:" FontSize="16" FontWeight="SemiBold" 
                                   Foreground="#FF3580BF" VerticalAlignment="Top" 
                                   Margin="0,10,260.2,0">
                                    </TextBlock>
                                    <TextBox x:Name="FIOBox" VerticalAlignment="Top" Margin="135,10,10,0" FontSize="14"
                                 Style="{StaticResource MaterialDesignTextBox}" Foreground="#FF3580BF">
                                    </TextBox>
                                </Grid>
                                <Grid>
                                    <TextBlock Text="Паспорт:" FontSize="16" FontWeight="SemiBold" 
                                  Foreground="#FF3580BF" VerticalAlignment="Top" 
                                  Margin="0,10,265,0">
                                    </TextBlock>
                                    <xctk:MaskedTextBox x:Name="PassportBox" Margin="135,10,10,0" FontSize="14"
                                  Style="{StaticResource MaterialDesignTextBox}" Foreground="#FF3580BF" 
                                  Mask="0000 000000" VerticalAlignment="Top"/>
                                </Grid>
                                <Grid>
                                    <TextBlock Text="Телефон:" FontSize="16" FontWeight="SemiBold" 
                                  Foreground="#FF3580BF" VerticalAlignment="Top" 
                                  Margin="0,10,265,0">
                                    </TextBlock>
                                    <xctk:MaskedTextBox x:Name="PhoneNumberBox" Margin="135,10,10,0" FontSize="14"
                                  Style="{StaticResource MaterialDesignTextBox}" Foreground="#FF3580BF" 
                                  Mask="+7(000)000-00-00" VerticalAlignment="Top"/>
                                </Grid>

                                <Grid Margin="0 10 10 10">
                                    <CheckBox x:Name="NotDeletedCheckBox" IsChecked="True" HorizontalAlignment="Left" Content="Показывать неудаленные" Foreground="#FF3580BF" FontSize="14"></CheckBox>
                                    <CheckBox x:Name="DeletedCheckBox" HorizontalAlignment="Right" Content="Показывать удаленные" Foreground="#FF3580BF" FontSize="14"></CheckBox>
                                </Grid>
                                <Grid>
                                    <Button x:Name="AppendFilterButton" ClickMode="Release" Click="AppendFilter_Click" Margin="0,10,215,10" Content="Применить" Style="{StaticResource MaterialDesignFlatDarkBgButton}"></Button>
                                    <Button x:Name="CancelFilterButton" ClickMode="Release" Click="CancelFilter_Click" Margin="215,10,10,10" Content="Отменить" Style="{StaticResource MaterialDesignFlatLightBgButton}" Foreground="#FF3580BF"></Button>
                                </Grid>
                            </StackPanel>

                        </Border>
                    </Grid>



                    <Button x:Name="AddClient" Margin="70,0,0,19" Style="{StaticResource MaterialDesignFlatButton}" Content="+ Добавить нового клиента" HorizontalAlignment="Left" Width="240" BorderBrush="#FF0017FF" Height="32" ClickMode="Release" Click="AddClient_Click" VerticalAlignment="Bottom"/>

                    <Grid Margin="10,432,40,19" VerticalAlignment="Bottom" HorizontalAlignment="Right" Width="100" Height="32">
                        <TextBlock Text="1 из 5" Foreground="#FF3580BF" Style="{StaticResource ResourceKey=MaterialDesignHeadline6TextBlock}" TextDecorations="Underline" VerticalAlignment="Center"/>
                        <Button x:Name="NextFirst" Foreground="#FF3580BF" Style="{StaticResource MaterialDesignIconForegroundButton}" Content="&gt;" HorizontalAlignment="Right" VerticalAlignment="Bottom" Height="32" Width="32"></Button>
                    </Grid>

                </Grid>
            </TabItem>
            <TabItem Header="Тур" Padding="0" Width="150" Height="40" Style="{StaticResource MaterialDesignNavigationRailTabItem}">

            </TabItem>
            <TabItem Header="Отель" Padding="0" Width="150" Height="40" Style="{StaticResource MaterialDesignNavigationRailTabItem}">

            </TabItem>
            <TabItem Header="Услуги" Padding="0" Width="150" Height="40" Style="{StaticResource MaterialDesignNavigationRailTabItem}">

            </TabItem>
            <TabItem Header="Общие данные" Padding="0" Width="150" Height="40" Style="{StaticResource MaterialDesignNavigationRailTabItem}">

            </TabItem>
        </TabControl>
    </Grid>
</UserControl>
